Altium Designer Pick and Place Locations
D:\Chicago\AltiumFiles\Modem\ProjectOutputsModem\Pick Place for HOL-Modem.csv

========================================================================================================================
File Design Information:

Date:       13/07/17
Time:       10:45
Revision:   Not in VersionControl
Variant:    No variations
Units used: mil

"Designator","Comment","Layer","Footprint","Center-X(mil)","Center-Y(mil)","Rotation","Description"
"C8","15 pf","BottomLayer","CAP0402","1290.000","660.000","270","CAPACITOR, American symbol"
"C7","56 pf","BottomLayer","CAP0402","1250.000","660.000","270","CAPACITOR, American symbol"
"C5","10 nF","BottomLayer","CAP0402","1210.000","660.000","270","CAPACITOR, American symbol"
"L1","0 ohm","BottomLayer","RES0603","1680.000","530.000","180","Resistor, 0 ohm, 0603 case"
"D5","","BottomLayer","PESD_0402","1643.000","416.000","90","DIODE,ZENER VOLTAGE SUPPRESSOR,+/-14V"
"D4","","TopLayer","PESD_0402","1302.000","373.000","180","DIODE,ZENER VOLTAGE SUPPRESSOR,+/-14V"
"D3","","TopLayer","PESD_0402","1302.000","519.000","180","DIODE,ZENER VOLTAGE SUPPRESSOR,+/-14V"
"R6","10K","BottomLayer","RES0402","1060.000","120.000","90","Resistor, 10k ohm, 0402"
"R5","3k","TopLayer","RES0402","111.000","108.000","90","Resistor, 3K ohm, 0402 case, 1%"
"R4","10K","BottomLayer","RES0402","980.000","580.000","360","Resistor, 10k ohm, 0402"
"R3","3k","TopLayer","RES0402","101.000","637.000","270","Resistor, 3K ohm, 0402 case, 1%"
"Q2","","BottomLayer","SOT23","1166.500","107.000","270","TSTR,NPN 3904, SOT23"
"Q1","","BottomLayer","SOT23","1100.000","660.000","270","TSTR,NPN 3904, SOT23"
"D2","LED_0402_VLMS","TopLayer","LED_0402_VISHAY_VLMS","65.000","110.000","90","LED, Vishay Red 0402"
"D1","LED_0402_VLMB","TopLayer","LED_0402_VISHAY_VLMB","55.000","637.000","270","LED, Vishay Blue 0402"
"R2","22","TopLayer","RES0402","1302.000","466.000","180","Resistor, 22 ohm, 0402 case, 1%"
"R1","22","TopLayer","RES0402","1302.000","425.000","180","Resistor, 22 ohm, 0402 case, 1%"
"U2","TPS63020","BottomLayer","QFN-14-POWERPAD3X4DSJ","1436.630","460.370","90","Regulator, Boost Buck, 3A"
"R51","100K","BottomLayer","RES0402","840.000","120.000","180","Resistor, 100k ohm, 0402"
"L7","FerriteBead 120ohm, 3A","BottomLayer","RES0603","754.000","655.000","90",""
"C48","0.1 uF","BottomLayer","CAP0402","1558.000","430.000","360","CAPACITOR, American symbol"
"C47","330uF","BottomLayer","CAP1210POL","654.000","621.000","270","Capacitor"
"C46","15 pf","BottomLayer","CAP0402","364.000","655.000","270","CAPACITOR, American symbol"
"C45","47 pF","BottomLayer","CAP0402","610.000","450.000","180","CAPACITOR, American symbol"
"C44","47 pF","BottomLayer","CAP0402","610.000","260.000","360","CAPACITOR, American symbol"
"C42","47 pF","BottomLayer","CAP0402","610.000","180.000","360","CAPACITOR, American symbol"
"C41","47 pF","BottomLayer","CAP0402","610.000","350.000","360","CAPACITOR, American symbol"
"C40","56 pf","BottomLayer","CAP0402","456.000","655.000","270","CAPACITOR, American symbol"
"C39","10 nF","BottomLayer","CAP0402","404.000","655.000","270","CAPACITOR, American symbol"
"C38","22 uF","BottomLayer","CAP0603","1238.630","400.370","90","Ceramic Capacitor SMD"
"C37","22 uF","BottomLayer","CAP0603","1293.630","400.370","90","Ceramic Capacitor SMD"
"C36","22 uF","BottomLayer","CAP0603","1178.000","400.000","90","Ceramic Capacitor SMD"
"C34","10 uF","BottomLayer","CAP0603","1538.000","506.000","270","Ceramic Capacitor SMD"
"C11","2.2 uF","BottomLayer","CAP0603","1594.000","507.000","270","Ceramic Capacitor SMD"
"C6","0.1 uF","BottomLayer","CAP0402","512.000","655.000","270","CAPACITOR, American symbol"
"C2","0.1 uF","BottomLayer","CAP0402","610.000","490.000","180","CAPACITOR, American symbol"
"ANT_UFL","ANT-A-1JB","TopLayer","UFL","120.000","495.000","180",""
"SIM1","SIM_CARD_NANO","BottomLayer","SIM_CARD_NANO","303.385","358.230","90",""
"R13","1M","BottomLayer","RES0402","1341.630","449.630","90","Resistor, 1M ohm, 0402 case, 1%"
"R12","150k","BottomLayer","RES0402","1341.630","375.630","270","Res, 150k ohm, 0402 case, 1%"
"L5","1uH","TopLayer","COILCRAFT_XFL4020","1416.000","624.000","180",""
"J1","USB_A_PLUG_MOLEX_0480372200","TopLayer","USB_A_PLUG_MOLEX_0480372200_-_clipped_copper","1669.819","374.000","180","Connector, USB A, Plug, 0480372200"
"U16","SARA-U2XX","TopLayer","SARA","729.473","380.000","90",""
"C49","330uF","BottomLayer","CAP1210POL","940.000","406.000","270","Capacitor"
"C50","330uF","BottomLayer","CAP1210POL","1078.000","407.000","270","Capacitor"
"Q3","","BottomLayer","SOT23","1450.000","150.000","270","TSTR,NPN 3904, SOT23"
"Q4","","BottomLayer","SOT23","1600.000","250.000","270","TSTR,NPN 3904, SOT23"
"R7","10K","BottomLayer","RES0402","1550.000","330.000","360","Resistor, 10k ohm, 0402"
"R8","10K","BottomLayer","RES0402","1480.000","250.000","360","Resistor, 10k ohm, 0402"
"R9","470","BottomLayer","RES0402","1370.000","240.000","270","Resistor, 470 ohm, 0402 case, 1%"
"C1","10 nF","BottomLayer","CAP0402","1310.000","110.000","270","CAPACITOR, American symbol"
"C3","56 pf","BottomLayer","CAP0402","1270.000","110.000","270","CAPACITOR, American symbol"
"C4","15 pf","BottomLayer","CAP0402","1350.000","110.000","270","CAPACITOR, American symbol"
"D6","","BottomLayer","PESD_0402","610.000","310.000","180","DIODE,ZENER VOLTAGE SUPPRESSOR,+/-14V"
"D7","","BottomLayer","PESD_0402","610.000","140.000","180","DIODE,ZENER VOLTAGE SUPPRESSOR,+/-14V"
"D8","","BottomLayer","PESD_0402","610.000","220.000","180","DIODE,ZENER VOLTAGE SUPPRESSOR,+/-14V"
"D9","","BottomLayer","PESD_0402","610.000","410.000","360","DIODE,ZENER VOLTAGE SUPPRESSOR,+/-14V"
